Workbook

Sheet L1 description
B2: Project Name | R2: Start Wk | S2: Start Yr | T2: End Wk | U2: End Yr | W2: Current Wk | X2: Current Yr
B3: Project Code | F3: SoP | R3: 1 | S3: 2026 | T3: 52 | U3: 2030 | W3: =WEEKNUM(TODAY(),21) | X3: =YEAR(TODAY())
B4: Description | R4: Timeplan range | W4: Today
B5: Timeplan Name | G5: Timeplan ID | J5: Timeplan Owner | O5: Last updated | P5: =TEXT(NOW(),"yyyy-mm-dd") -> 2026-08-18

Sheet L1 input
C7: Colour (Planned) | D7: Colour (Actual) | E7: No. | F7: Activity / Event | G7: Responsible | H7: Department | I7: Location | J7: Planned Start Wk | K7: Planned Start Yr | L7: Planned End Wk | M7: Planned End Yr | N7: Actual Start Wk | O7: Actual Start Yr | P7: Actual End Wk | Q7: Actual End Yr | R7: Status | S7: Tracker | T7: Comments / Notes | U7: Dependencies
E8: 1 | S8: =IF($F8="","",IF($R8="Completed","Done",IF(OR($R8="Cancelled",$R8="Skipped"),"Closed",IF(OR($L8="",$M8=""),"",IF(TODAY()>DATE($M8,1,4)-WEEKDAY(DATE($M8,1,4),3)+($L8-1)*7+6,"Incomplete",IF(TODAY()>=DATE($M8,1,4)-WEEKDAY(DATE($M8,1,4),3)+($L8-1)*7,"Due this week","On Track"))))))
E9: 2 | S9: =IF($F9="","",IF($R9="Completed","Done",IF(OR($R9="Cancelled",$R9="Skipped"),"Closed",IF(OR($L9="",$M9=""),"",IF(TODAY()>DATE($M9,1,4)-WEEKDAY(DATE($M9,1,4),3)+($L9-1)*7+6,"Incomplete",IF(TODAY()>=DATE($M9,1,4)-WEEKDAY(DATE($M9,1,4),3)+($L9-1)*7,"Due this week","On Track"))))))
E10: 3 | S10: =IF($F10="","",IF($R10="Completed","Done",IF(OR($R10="Cancelled",$R10="Skipped"),"Closed",IF(OR($L10="",$M10=""),"",IF(TODAY()>DATE($M10,1,4)-WEEKDAY(DATE($M10,1,4),3)+($L10-1)*7+6,"Incomplete",IF(TODAY()>=DATE($M10,1,4)-WEEKDAY(DATE($M10,1,4),3)+($L10-1)*7,"Due this week","On Track"))))))
E11: 4 | S11: =IF($F11="","",IF($R11="Completed","Done",IF(OR($R11="Cancelled",$R11="Skipped"),"Closed",IF(OR($L11="",$M11=""),"",IF(TODAY()>DATE($M11,1,4)-WEEKDAY(DATE($M11,1,4),3)+($L11-1)*7+6,"Incomplete",IF(TODAY()>=DATE($M11,1,4)-WEEKDAY(DATE($M11,1,4),3)+($L11-1)*7,"Due this week","On Track"))))))
E12: 5 | S12: =IF($F12="","",IF($R12="Completed","Done",IF(OR($R12="Cancelled",$R12="Skipped"),"Closed",IF(OR($L12="",$M12=""),"",IF(TODAY()>DATE($M12,1,4)-WEEKDAY(DATE($M12,1,4),3)+($L12-1)*7+6,"Incomplete",IF(TODAY()>=DATE($M12,1,4)-WEEKDAY(DATE($M12,1,4),3)+($L12-1)*7,"Due this week","On Track"))))))
E13: 6 | S13: =IF($F13="","",IF($R13="Completed","Done",IF(OR($R13="Cancelled",$R13="Skipped"),"Closed",IF(OR($L13="",$M13=""),"",IF(TODAY()>DATE($M13,1,4)-WEEKDAY(DATE($M13,1,4),3)+($L13-1)*7+6,"Incomplete",IF(TODAY()>=DATE($M13,1,4)-WEEKDAY(DATE($M13,1,4),3)+($L13-1)*7,"Due this week","On Track"))))))
E14: 7 | S14: =IF($F14="","",IF($R14="Completed","Done",IF(OR($R14="Cancelled",$R14="Skipped"),"Closed",IF(OR($L14="",$M14=""),"",IF(TODAY()>DATE($M14,1,4)-WEEKDAY(DATE($M14,1,4),3)+($L14-1)*7+6,"Incomplete",IF(TODAY()>=DATE($M14,1,4)-WEEKDAY(DATE($M14,1,4),3)+($L14-1)*7,"Due this week","On Track"))))))
E15: 8 | S15: =IF($F15="","",IF($R15="Completed","Done",IF(OR($R15="Cancelled",$R15="Skipped"),"Closed",IF(OR($L15="",$M15=""),"",IF(TODAY()>DATE($M15,1,4)-WEEKDAY(DATE($M15,1,4),3)+($L15-1)*7+6,"Incomplete",IF(TODAY()>=DATE($M15,1,4)-WEEKDAY(DATE($M15,1,4),3)+($L15-1)*7,"Due this week","On Track"))))))
E16: 9 | S16: =IF($F16="","",IF($R16="Completed","Done",IF(OR($R16="Cancelled",$R16="Skipped"),"Closed",IF(OR($L16="",$M16=""),"",IF(TODAY()>DATE($M16,1,4)-WEEKDAY(DATE($M16,1,4),3)+($L16-1)*7+6,"Incomplete",IF(TODAY()>=DATE($M16,1,4)-WEEKDAY(DATE($M16,1,4),3)+($L16-1)*7,"Due this week","On Track"))))))
E17: 10 | S17: =IF($F17="","",IF($R17="Completed","Done",IF(OR($R17="Cancelled",$R17="Skipped"),"Closed",IF(OR($L17="",$M17=""),"",IF(TODAY()>DATE($M17,1,4)-WEEKDAY(DATE($M17,1,4),3)+($L17-1)*7+6,"Incomplete",IF(TODAY()>=DATE($M17,1,4)-WEEKDAY(DATE($M17,1,4),3)+($L17-1)*7,"Due this week","On Track"))))))
E18: 11 | S18: =IF($F18="","",IF($R18="Completed","Done",IF(OR($R18="Cancelled",$R18="Skipped"),"Closed",IF(OR($L18="",$M18=""),"",IF(TODAY()>DATE($M18,1,4)-WEEKDAY(DATE($M18,1,4),3)+($L18-1)*7+6,"Incomplete",IF(TODAY()>=DATE($M18,1,4)-WEEKDAY(DATE($M18,1,4),3)+($L18-1)*7,"Due this week","On Track"))))))
E19: 12 | S19: =IF($F19="","",IF($R19="Completed","Done",IF(OR($R19="Cancelled",$R19="Skipped"),"Closed",IF(OR($L19="",$M19=""),"",IF(TODAY()>DATE($M19,1,4)-WEEKDAY(DATE($M19,1,4),3)+($L19-1)*7+6,"Incomplete",IF(TODAY()>=DATE($M19,1,4)-WEEKDAY(DATE($M19,1,4),3)+($L19-1)*7,"Due this week","On Track"))))))
... E207: 200 | S207: =IF($F207="","",IF($R207="Completed","Done",IF(OR($R207="Cancelled",$R207="Skipped"),"Closed",IF(OR($L207="",$M207=""),"",IF(TODAY()>DATE($M207,1,4)-WEEKDAY(DATE($M207,1,4),3)+($L207-1)*7+6,"Incomplete",IF(TODAY()>=DATE($M207,1,4)-WEEKDAY(DATE($M207,1,4),3)+($L207-1)*7,"Due this week","On Track"))))))

Sheet L1 time plan
A1: =IF('L1 input'!F2<>"",'L1 input'!F2,"")
A2: ="Project Code: "&'L1 input'!E3&" | SoP Date: "&IF('L1 input'!G3<>"",'L1 input'!G3,"—")
A3: =IF('L1 input'!F4<>"",'L1 input'!F4,"")
A4: No. | B4: Activity / Event | C4: Responsible | D4: Department | E4: Location | F4: Status | G4: Tracker | H4: Comments / Notes | I4: ='L1 description'!$S$3 | J4: =IF(I6=IF(WEEKNUM(DATE(I4,12,28),21)=53,53,52),I4+1,I4) | K4: =IF(J6=IF(WEEKNUM(DATE(J4,12,28),21)=53,53,52),J4+1,J4) | L4: =IF(K6=IF(WEEKNUM(DATE(K4,12,28),21)=53,53,52),K4+1,K4) | M4: =IF(L6=IF(WEEKNUM(DATE(L4,12,28),21)=53,53,52),L4+1,L4) | N4: =IF(M6=IF(WEEKNUM(DATE(M4,12,28),21)=53,53,52),M4+1,M4) | O4: =IF(N6=IF(WEEKNUM(DATE(N4,12,28),21)=53,53,52),N4+1,N4) | P4: =IF(O6=IF(WEEKNUM(DATE(O4,12,28),21)=53,53,52),O4+1,O4) | Q4: =IF(P6=IF(WEEKNUM(DATE(P4,12,28),21)=53,53,52),P4+1,P4) | ... LR4: =IF(LQ6=IF(WEEKNUM(DATE(LQ4,12,28),21)=53,53,52),LQ4+1,LQ4)
I5: =TEXT(DATE(I4,1,1)+(I6-1)*7,"MMM") | J5: =TEXT(DATE(J4,1,1)+(J6-1)*7,"MMM") | K5: =TEXT(DATE(K4,1,1)+(K6-1)*7,"MMM") | L5: =TEXT(DATE(L4,1,1)+(L6-1)*7,"MMM") | M5: =TEXT(DATE(M4,1,1)+(M6-1)*7,"MMM") | N5: =TEXT(DATE(N4,1,1)+(N6-1)*7,"MMM") | O5: =TEXT(DATE(O4,1,1)+(O6-1)*7,"MMM") | P5: =TEXT(DATE(P4,1,1)+(P6-1)*7,"MMM") | ... LR5: =TEXT(DATE(LR4,1,1)+(LR6-1)*7,"MMM")
I6: ='L1 description'!$R$3 | J6: =IF(I6=IF(WEEKNUM(DATE(I4,12,28),21)=53,53,52),1,I6+1) | K6: =IF(J6=IF(WEEKNUM(DATE(J4,12,28),21)=53,53,52),1,J6+1) | L6: =IF(K6=IF(WEEKNUM(DATE(K4,12,28),21)=53,53,52),1,K6+1) | M6: =IF(L6=IF(WEEKNUM(DATE(L4,12,28),21)=53,53,52),1,L6+1) | N6: =IF(M6=IF(WEEKNUM(DATE(M4,12,28),21)=53,53,52),1,M6+1) | O6: =IF(N6=IF(WEEKNUM(DATE(N4,12,28),21)=53,53,52),1,N6+1) | P6: =IF(O6=IF(WEEKNUM(DATE(O4,12,28),21)=53,53,52),1,O6+1) | Q6: =IF(P6=IF(WEEKNUM(DATE(P4,12,28),21)=53,53,52),1,P6+1) | ... LR6: =IF(LQ6=IF(WEEKNUM(DATE(LQ4,12,28),21)=53,53,52),1,LQ6+1)
A7: =IF('L1 input'!F8<>"",'L1 input'!E8,"") | B7: =IF('L1 input'!F8<>"",'L1 input'!F8,"") | C7: =IF('L1 input'!F8<>"",'L1 input'!G8,"") | D7: =IF('L1 input'!F8<>"",'L1 input'!H8,"") | E7: =IF('L1 input'!F8<>"",'L1 input'!I8,"") | F7: =IF('L1 input'!F8<>"",'L1 input'!R8,"") | G7: =IF('L1 input'!F8<>"",'L1 input'!S8,"") | H7: =IF('L1 input'!F8<>"",'L1 input'!T8,"")
A8: =IF('L1 input'!F9<>"",'L1 input'!E9,"") | B8: =IF('L1 input'!F9<>"",'L1 input'!F9,"") | C8: =IF('L1 input'!F9<>"",'L1 input'!G9,"") | D8: =IF('L1 input'!F9<>"",'L1 input'!H9,"") | E8: =IF('L1 input'!F9<>"",'L1 input'!I9,"") | F8: =IF('L1 input'!F9<>"",'L1 input'!R9,"") | G8: =IF('L1 input'!F9<>"",'L1 input'!S9,"") | H8: =IF('L1 input'!F9<>"",'L1 input'!T9,"")
A9: =IF('L1 input'!F10<>"",'L1 input'!E10,"") | B9: =IF('L1 input'!F10<>"",'L1 input'!F10,"") | C9: =IF('L1 input'!F10<>"",'L1 input'!G10,"") | D9: =IF('L1 input'!F10<>"",'L1 input'!H10,"") | E9: =IF('L1 input'!F10<>"",'L1 input'!I10,"") | F9: =IF('L1 input'!F10<>"",'L1 input'!R10,"") | G9: =IF('L1 input'!F10<>"",'L1 input'!S10,"") | H9: =IF('L1 input'!F10<>"",'L1 input'!T10,"")
A10: =IF('L1 input'!F11<>"",'L1 input'!E11,"") | B10: =IF('L1 input'!F11<>"",'L1 input'!F11,"") | C10: =IF('L1 input'!F11<>"",'L1 input'!G11,"") | D10: =IF('L1 input'!F11<>"",'L1 input'!H11,"") | E10: =IF('L1 input'!F11<>"",'L1 input'!I11,"") | F10: =IF('L1 input'!F11<>"",'L1 input'!R11,"") | G10: =IF('L1 input'!F11<>"",'L1 input'!S11,"") | H10: =IF('L1 input'!F11<>"",'L1 input'!T11,"")
A11: =IF('L1 input'!F12<>"",'L1 input'!E12,"") | B11: =IF('L1 input'!F12<>"",'L1 input'!F12,"") | C11: =IF('L1 input'!F12<>"",'L1 input'!G12,"") | D11: =IF('L1 input'!F12<>"",'L1 input'!H12,"") | E11: =IF('L1 input'!F12<>"",'L1 input'!I12,"") | F11: =IF('L1 input'!F12<>"",'L1 input'!R12,"") | G11: =IF('L1 input'!F12<>"",'L1 input'!S12,"") | H11: =IF('L1 input'!F12<>"",'L1 input'!T12,"")
A12: =IF('L1 input'!F13<>"",'L1 input'!E13,"") | B12: =IF('L1 input'!F13<>"",'L1 input'!F13,"") | C12: =IF('L1 input'!F13<>"",'L1 input'!G13,"") | D12: =IF('L1 input'!F13<>"",'L1 input'!H13,"") | E12: =IF('L1 input'!F13<>"",'L1 input'!I13,"") | F12: =IF('L1 input'!F13<>"",'L1 input'!R13,"") | G12: =IF('L1 input'!F13<>"",'L1 input'!S13,"") | H12: =IF('L1 input'!F13<>"",'L1 input'!T13,"")
A13: =IF('L1 input'!F14<>"",'L1 input'!E14,"") | B13: =IF('L1 input'!F14<>"",'L1 input'!F14,"") | C13: =IF('L1 input'!F14<>"",'L1 input'!G14,"") | D13: =IF('L1 input'!F14<>"",'L1 input'!H14,"") | E13: =IF('L1 input'!F14<>"",'L1 input'!I14,"") | F13: =IF('L1 input'!F14<>"",'L1 input'!R14,"") | G13: =IF('L1 input'!F14<>"",'L1 input'!S14,"") | H13: =IF('L1 input'!F14<>"",'L1 input'!T14,"")
A14: =IF('L1 input'!F15<>"",'L1 input'!E15,"") | B14: =IF('L1 input'!F15<>"",'L1 input'!F15,"") | C14: =IF('L1 input'!F15<>"",'L1 input'!G15,"") | D14: =IF('L1 input'!F15<>"",'L1 input'!H15,"") | E14: =IF('L1 input'!F15<>"",'L1 input'!I15,"") | F14: =IF('L1 input'!F15<>"",'L1 input'!R15,"") | G14: =IF('L1 input'!F15<>"",'L1 input'!S15,"") | H14: =IF('L1 input'!F15<>"",'L1 input'!T15,"")
A15: =IF('L1 input'!F16<>"",'L1 input'!E16,"") | B15: =IF('L1 input'!F16<>"",'L1 input'!F16,"") | C15: =IF('L1 input'!F16<>"",'L1 input'!G16,"") | D15: =IF('L1 input'!F16<>"",'L1 input'!H16,"") | E15: =IF('L1 input'!F16<>"",'L1 input'!I16,"") | F15: =IF('L1 input'!F16<>"",'L1 input'!R16,"") | G15: =IF('L1 input'!F16<>"",'L1 input'!S16,"") | H15: =IF('L1 input'!F16<>"",'L1 input'!T16,"")
A16: =IF('L1 input'!F17<>"",'L1 input'!E17,"") | B16: =IF('L1 input'!F17<>"",'L1 input'!F17,"") | C16: =IF('L1 input'!F17<>"",'L1 input'!G17,"") | D16: =IF('L1 input'!F17<>"",'L1 input'!H17,"") | E16: =IF('L1 input'!F17<>"",'L1 input'!I17,"") | F16: =IF('L1 input'!F17<>"",'L1 input'!R17,"") | G16: =IF('L1 input'!F17<>"",'L1 input'!S17,"") | H16: =IF('L1 input'!F17<>"",'L1 input'!T17,"")
A17: =IF('L1 input'!F18<>"",'L1 input'!E18,"") | B17: =IF('L1 input'!F18<>"",'L1 input'!F18,"") | C17: =IF('L1 input'!F18<>"",'L1 input'!G18,"") | D17: =IF('L1 input'!F18<>"",'L1 input'!H18,"") | E17: =IF('L1 input'!F18<>"",'L1 input'!I18,"") | F17: =IF('L1 input'!F18<>"",'L1 input'!R18,"") | G17: =IF('L1 input'!F18<>"",'L1 input'!S18,"") | H17: =IF('L1 input'!F18<>"",'L1 input'!T18,"")
A18: =IF('L1 input'!F19<>"",'L1 input'!E19,"") | B18: =IF('L1 input'!F19<>"",'L1 input'!F19,"") | C18: =IF('L1 input'!F19<>"",'L1 input'!G19,"") | D18: =IF('L1 input'!F19<>"",'L1 input'!H19,"") | E18: =IF('L1 input'!F19<>"",'L1 input'!I19,"") | F18: =IF('L1 input'!F19<>"",'L1 input'!R19,"") | G18: =IF('L1 input'!F19<>"",'L1 input'!S19,"") | H18: =IF('L1 input'!F19<>"",'L1 input'!T19,"")
... A206: =IF('L1 input'!F207<>"",'L1 input'!E207,"") | B206: =IF('L1 input'!F207<>"",'L1 input'!F207,"") | C206: =IF('L1 input'!F207<>"",'L1 input'!G207,"") | D206: =IF('L1 input'!F207<>"",'L1 input'!H207,"") | E206: =IF('L1 input'!F207<>"",'L1 input'!I207,"") | F206: =IF('L1 input'!F207<>"",'L1 input'!R207,"") | G206: =IF('L1 input'!F207<>"",'L1 input'!S207,"") | H206: =IF('L1 input'!F207<>"",'L1 input'!T207,"")
