Workbook

Sheet L4 input
B2: Project Name | E2: Demo Vehicle Programme | P2: Start Wk | Q2: Start Yr | R2: End Wk | S2: End Yr | U2: Current Wk | V2: Current Yr
B3: Project Code | E3: DVP-2026 | F3: SoP | G3: Wk 1, 2026 | P3: 1 | Q3: 2026 | R3: 52 | S3: 2030 | U3: =WEEKNUM(TODAY(),21) | V3: =YEAR(TODAY())
B4: Description | E4: Material flow and logistics detail plan. | P4: Timeplan range | U4: Today
B5: Timeplan Name | E5: L4 Logistics Plan | G5: Plan ID | H5: L4_Logistics | J5: Last updated | K5: 2026-06-20
D6: No. | E6: Activity / Event | F6: Responsible | G6: Location | H6: Start Wk | I6: Start Yr | J6: End Wk | K6: End Yr | L6: Tracker | M6: Status | N6: Comments / Notes | O6: Dependencies
D7: 1 | E7: Packaging concept | F7: E. Silva | G7: Greensboro | H7: 18 | I7: 2026 | J7: 22 | K7: 2026 | L7: =IF(E7="","",IF(M7="Completed","On Track",IF(OR(J7="",K7=""),"",IF(($V$3*100+$U$3)>(K7*100+J7),"Delayed","On Track")))) | M7: Completed | O7: L2_Bodyshop-2
D8: 2 | E8: Inbound flow design | F8: E. Silva | G8: Greensboro | H8: 23 | I8: 2026 | J8: 28 | K8: 2026 | L8: =IF(E8="","",IF(M8="Completed","On Track",IF(OR(J8="",K8=""),"",IF(($V$3*100+$U$3)>(K8*100+J8),"Delayed","On Track")))) | M8: Aligned | O8: L4_Logistics-1
D9: 3 | E9: Warehouse readiness | F9: B. Haas | G9: Greensboro | H9: 29 | I9: 2026 | J9: 34 | K9: 2026 | L9: =IF(E9="","",IF(M9="Completed","On Track",IF(OR(J9="",K9=""),"",IF(($V$3*100+$U$3)>(K9*100+J9),"Delayed","On Track")))) | M9: Planned | O9: L4_Logistics-2
D10: 4 | E10: Supplier ramp plan | F10: B. Haas | G10: Remote | H10: 35 | I10: 2026 | J10: 40 | K10: 2026 | L10: =IF(E10="","",IF(M10="Completed","On Track",IF(OR(J10="",K10=""),"",IF(($V$3*100+$U$3)>(K10*100+J10),"Delayed","On Track")))) | M10: Risk | O10: L4_Logistics-3; L5_Supplier_B-3
D11: 5 | E11: Logistics sign-off | F11: E. Silva | G11: Greensboro | H11: 42 | I11: 2026 | J11: 46 | K11: 2026 | L11: =IF(E11="","",IF(M11="Completed","On Track",IF(OR(J11="",K11=""),"",IF(($V$3*100+$U$3)>(K11*100+J11),"Delayed","On Track")))) | M11: TBD | O11: L4_Logistics-4
L12: =IF(E12="","",IF(M12="Completed","On Track",IF(OR(J12="",K12=""),"",IF(($V$3*100+$U$3)>(K12*100+J12),"Delayed","On Track"))))
L13: =IF(E13="","",IF(M13="Completed","On Track",IF(OR(J13="",K13=""),"",IF(($V$3*100+$U$3)>(K13*100+J13),"Delayed","On Track"))))
L14: =IF(E14="","",IF(M14="Completed","On Track",IF(OR(J14="",K14=""),"",IF(($V$3*100+$U$3)>(K14*100+J14),"Delayed","On Track"))))
L15: =IF(E15="","",IF(M15="Completed","On Track",IF(OR(J15="",K15=""),"",IF(($V$3*100+$U$3)>(K15*100+J15),"Delayed","On Track"))))
L16: =IF(E16="","",IF(M16="Completed","On Track",IF(OR(J16="",K16=""),"",IF(($V$3*100+$U$3)>(K16*100+J16),"Delayed","On Track"))))
L17: =IF(E17="","",IF(M17="Completed","On Track",IF(OR(J17="",K17=""),"",IF(($V$3*100+$U$3)>(K17*100+J17),"Delayed","On Track"))))
L18: =IF(E18="","",IF(M18="Completed","On Track",IF(OR(J18="",K18=""),"",IF(($V$3*100+$U$3)>(K18*100+J18),"Delayed","On Track"))))
L19: =IF(E19="","",IF(M19="Completed","On Track",IF(OR(J19="",K19=""),"",IF(($V$3*100+$U$3)>(K19*100+J19),"Delayed","On Track"))))
L20: =IF(E20="","",IF(M20="Completed","On Track",IF(OR(J20="",K20=""),"",IF(($V$3*100+$U$3)>(K20*100+J20),"Delayed","On Track"))))
L21: =IF(E21="","",IF(M21="Completed","On Track",IF(OR(J21="",K21=""),"",IF(($V$3*100+$U$3)>(K21*100+J21),"Delayed","On Track"))))
D22: 16 | L22: =IF(E22="","",IF(M22="Completed","On Track",IF(OR(J22="",K22=""),"",IF(($V$3*100+$U$3)>(K22*100+J22),"Delayed","On Track"))))
D23: 17 | L23: =IF(E23="","",IF(M23="Completed","On Track",IF(OR(J23="",K23=""),"",IF(($V$3*100+$U$3)>(K23*100+J23),"Delayed","On Track"))))
D24: 18 | L24: =IF(E24="","",IF(M24="Completed","On Track",IF(OR(J24="",K24=""),"",IF(($V$3*100+$U$3)>(K24*100+J24),"Delayed","On Track"))))
D25: 19 | L25: =IF(E25="","",IF(M25="Completed","On Track",IF(OR(J25="",K25=""),"",IF(($V$3*100+$U$3)>(K25*100+J25),"Delayed","On Track"))))
D26: 20 | L26: =IF(E26="","",IF(M26="Completed","On Track",IF(OR(J26="",K26=""),"",IF(($V$3*100+$U$3)>(K26*100+J26),"Delayed","On Track"))))
D27: 21 | L27: =IF(E27="","",IF(M27="Completed","On Track",IF(OR(J27="",K27=""),"",IF(($V$3*100+$U$3)>(K27*100+J27),"Delayed","On Track"))))
D28: 22 | L28: =IF(E28="","",IF(M28="Completed","On Track",IF(OR(J28="",K28=""),"",IF(($V$3*100+$U$3)>(K28*100+J28),"Delayed","On Track"))))
D29: 23 | L29: =IF(E29="","",IF(M29="Completed","On Track",IF(OR(J29="",K29=""),"",IF(($V$3*100+$U$3)>(K29*100+J29),"Delayed","On Track"))))
D30: 24 | L30: =IF(E30="","",IF(M30="Completed","On Track",IF(OR(J30="",K30=""),"",IF(($V$3*100+$U$3)>(K30*100+J30),"Delayed","On Track"))))
D31: 25 | L31: =IF(E31="","",IF(M31="Completed","On Track",IF(OR(J31="",K31=""),"",IF(($V$3*100+$U$3)>(K31*100+J31),"Delayed","On Track"))))
D32: 26 | L32: =IF(E32="","",IF(M32="Completed","On Track",IF(OR(J32="",K32=""),"",IF(($V$3*100+$U$3)>(K32*100+J32),"Delayed","On Track"))))
D33: 27 | L33: =IF(E33="","",IF(M33="Completed","On Track",IF(OR(J33="",K33=""),"",IF(($V$3*100+$U$3)>(K33*100+J33),"Delayed","On Track"))))
... D106: 100 | L106: =IF(E106="","",IF(M106="Completed","On Track",IF(OR(J106="",K106=""),"",IF(($V$3*100+$U$3)>(K106*100+J106),"Delayed","On Track"))))

Sheet L4 time plan
A1: =IF('L4 input'!E2<>"",'L4 input'!E2,"")
A2: ="Project Code: "&'L4 input'!E3&" | SoP Date: "&IF('L4 input'!G3<>"",'L4 input'!G3,"—")
A3: =IF('L4 input'!E4<>"",'L4 input'!E4,"")
A4: No. | B4: Activity / Event | C4: Responsible | D4: Location | E4: Status | F4: ='L4 input'!$Q$3 | G4: =IF(F6=IF(WEEKNUM(DATE(F4,12,28),21)=53,53,52),F4+1,F4) | H4: =IF(G6=IF(WEEKNUM(DATE(G4,12,28),21)=53,53,52),G4+1,G4) | I4: =IF(H6=IF(WEEKNUM(DATE(H4,12,28),21)=53,53,52),H4+1,H4) | J4: =IF(I6=IF(WEEKNUM(DATE(I4,12,28),21)=53,53,52),I4+1,I4) | K4: =IF(J6=IF(WEEKNUM(DATE(J4,12,28),21)=53,53,52),J4+1,J4) | L4: =IF(K6=IF(WEEKNUM(DATE(K4,12,28),21)=53,53,52),K4+1,K4) | M4: =IF(L6=IF(WEEKNUM(DATE(L4,12,28),21)=53,53,52),L4+1,L4) | N4: =IF(M6=IF(WEEKNUM(DATE(M4,12,28),21)=53,53,52),M4+1,M4) | ... LR4: =IF(LQ6=IF(WEEKNUM(DATE(LQ4,12,28),21)=53,53,52),LQ4+1,LQ4)
F5: =TEXT(DATE(F4,1,1)+(F6-1)*7,"MMM") | G5: =TEXT(DATE(G4,1,1)+(G6-1)*7,"MMM") | H5: =TEXT(DATE(H4,1,1)+(H6-1)*7,"MMM") | I5: =TEXT(DATE(I4,1,1)+(I6-1)*7,"MMM") | J5: =TEXT(DATE(J4,1,1)+(J6-1)*7,"MMM") | K5: =TEXT(DATE(K4,1,1)+(K6-1)*7,"MMM") | L5: =TEXT(DATE(L4,1,1)+(L6-1)*7,"MMM") | M5: =TEXT(DATE(M4,1,1)+(M6-1)*7,"MMM") | ... LR5: =TEXT(DATE(LR4,1,1)+(LR6-1)*7,"MMM")
F6: ='L4 input'!$P$3 | G6: =IF(F6=IF(WEEKNUM(DATE(F4,12,28),21)=53,53,52),1,F6+1) | H6: =IF(G6=IF(WEEKNUM(DATE(G4,12,28),21)=53,53,52),1,G6+1) | I6: =IF(H6=IF(WEEKNUM(DATE(H4,12,28),21)=53,53,52),1,H6+1) | J6: =IF(I6=IF(WEEKNUM(DATE(I4,12,28),21)=53,53,52),1,I6+1) | K6: =IF(J6=IF(WEEKNUM(DATE(J4,12,28),21)=53,53,52),1,J6+1) | L6: =IF(K6=IF(WEEKNUM(DATE(K4,12,28),21)=53,53,52),1,K6+1) | M6: =IF(L6=IF(WEEKNUM(DATE(L4,12,28),21)=53,53,52),1,L6+1) | N6: =IF(M6=IF(WEEKNUM(DATE(M4,12,28),21)=53,53,52),1,M6+1) | ... LR6: =IF(LQ6=IF(WEEKNUM(DATE(LQ4,12,28),21)=53,53,52),1,LQ6+1)
A7: =IF('L4 input'!E7<>"",'L4 input'!D7,"") | B7: =IF('L4 input'!E7<>"",'L4 input'!E7,"") | C7: =IF('L4 input'!F7<>"",'L4 input'!F7,"") | D7: =IF('L4 input'!G7<>"",'L4 input'!G7,"") | E7: =IF('L4 input'!M7<>"",'L4 input'!M7,"")
A8: =IF('L4 input'!E8<>"",'L4 input'!D8,"") | B8: =IF('L4 input'!E8<>"",'L4 input'!E8,"") | C8: =IF('L4 input'!F8<>"",'L4 input'!F8,"") | D8: =IF('L4 input'!G8<>"",'L4 input'!G8,"") | E8: =IF('L4 input'!M8<>"",'L4 input'!M8,"")
A9: =IF('L4 input'!E9<>"",'L4 input'!D9,"") | B9: =IF('L4 input'!E9<>"",'L4 input'!E9,"") | C9: =IF('L4 input'!F9<>"",'L4 input'!F9,"") | D9: =IF('L4 input'!G9<>"",'L4 input'!G9,"") | E9: =IF('L4 input'!M9<>"",'L4 input'!M9,"")
A10: =IF('L4 input'!E10<>"",'L4 input'!D10,"") | B10: =IF('L4 input'!E10<>"",'L4 input'!E10,"") | C10: =IF('L4 input'!F10<>"",'L4 input'!F10,"") | D10: =IF('L4 input'!G10<>"",'L4 input'!G10,"") | E10: =IF('L4 input'!M10<>"",'L4 input'!M10,"")
A11: =IF('L4 input'!E11<>"",'L4 input'!D11,"") | B11: =IF('L4 input'!E11<>"",'L4 input'!E11,"") | C11: =IF('L4 input'!F11<>"",'L4 input'!F11,"") | D11: =IF('L4 input'!G11<>"",'L4 input'!G11,"") | E11: =IF('L4 input'!M11<>"",'L4 input'!M11,"")
A12: =IF('L4 input'!E12<>"",'L4 input'!D12,"") | B12: =IF('L4 input'!E12<>"",'L4 input'!E12,"") | C12: =IF('L4 input'!F12<>"",'L4 input'!F12,"") | D12: =IF('L4 input'!G12<>"",'L4 input'!G12,"") | E12: =IF('L4 input'!M12<>"",'L4 input'!M12,"")
A13: =IF('L4 input'!E13<>"",'L4 input'!D13,"") | B13: =IF('L4 input'!E13<>"",'L4 input'!E13,"") | C13: =IF('L4 input'!F13<>"",'L4 input'!F13,"") | D13: =IF('L4 input'!G13<>"",'L4 input'!G13,"") | E13: =IF('L4 input'!M13<>"",'L4 input'!M13,"")
A14: =IF('L4 input'!E14<>"",'L4 input'!D14,"") | B14: =IF('L4 input'!E14<>"",'L4 input'!E14,"") | C14: =IF('L4 input'!F14<>"",'L4 input'!F14,"") | D14: =IF('L4 input'!G14<>"",'L4 input'!G14,"") | E14: =IF('L4 input'!M14<>"",'L4 input'!M14,"")
A15: =IF('L4 input'!E15<>"",'L4 input'!D15,"") | B15: =IF('L4 input'!E15<>"",'L4 input'!E15,"") | C15: =IF('L4 input'!F15<>"",'L4 input'!F15,"") | D15: =IF('L4 input'!G15<>"",'L4 input'!G15,"") | E15: =IF('L4 input'!M15<>"",'L4 input'!M15,"")
A16: =IF('L4 input'!E16<>"",'L4 input'!D16,"") | B16: =IF('L4 input'!E16<>"",'L4 input'!E16,"") | C16: =IF('L4 input'!F16<>"",'L4 input'!F16,"") | D16: =IF('L4 input'!G16<>"",'L4 input'!G16,"") | E16: =IF('L4 input'!M16<>"",'L4 input'!M16,"")
A17: =IF('L4 input'!E17<>"",'L4 input'!D17,"") | B17: =IF('L4 input'!E17<>"",'L4 input'!E17,"") | C17: =IF('L4 input'!F17<>"",'L4 input'!F17,"") | D17: =IF('L4 input'!G17<>"",'L4 input'!G17,"") | E17: =IF('L4 input'!M17<>"",'L4 input'!M17,"")
A18: =IF('L4 input'!E18<>"",'L4 input'!D18,"") | B18: =IF('L4 input'!E18<>"",'L4 input'!E18,"") | C18: =IF('L4 input'!F18<>"",'L4 input'!F18,"") | D18: =IF('L4 input'!G18<>"",'L4 input'!G18,"") | E18: =IF('L4 input'!M18<>"",'L4 input'!M18,"")
... A106: =IF('L4 input'!E106<>"",'L4 input'!D106,"") | B106: =IF('L4 input'!E106<>"",'L4 input'!E106,"") | C106: =IF('L4 input'!F106<>"",'L4 input'!F106,"") | D106: =IF('L4 input'!G106<>"",'L4 input'!G106,"") | E106: =IF('L4 input'!M106<>"",'L4 input'!M106,"")
