Workbook

Sheet L4 description
B2: Project Name | E2: Demo Vehicle Programme | R2: Start Wk | S2: Start Yr | T2: End Wk | U2: End Yr | W2: Current Wk | X2: Current Yr
B3: Project Code | E3: DVP-2026 | F3: SoP | G3: Wk 1, 2026 | R3: 1 | S3: 2026 | T3: 52 | U3: 2030 | W3: =WEEKNUM(TODAY(),21) | X3: =YEAR(TODAY())
B4: Description | E4: Quality assurance detail plan. | R4: Timeplan range | W4: Today
B5: Timeplan Name | E5: L4 Quality Plan | G5: Timeplan ID | H5: L4_Quality | J5: Timeplan Owner | O5: Last updated | P5: =TEXT(NOW(),"yyyy-mm-dd") -> 2026-08-18

Sheet L4 input
C7: Colour (Planned) | D7: Colour (Actual) | E7: No. | F7: Activity / Event | G7: Responsible | H7: Department | I7: Location | J7: Planned Start Wk | K7: Planned Start Yr | L7: Planned End Wk | M7: Planned End Yr | N7: Actual Start Wk | O7: Actual Start Yr | P7: Actual End Wk | Q7: Actual End Yr | R7: Status | S7: Tracker | T7: Comments / Notes | U7: Dependencies
C8: Purple | D8: Red | E8: 1 | F8: Quality plan draft | G8: E. Lindqvist | H8: Quality | I8: Curitiba | J8: 1 | K8: 2026 | L8: 5 | M8: 2026 | N8: 2 | O8: 2026 | P8: 7 | Q8: 2026 | R8: Completed | S8: =IF($F8="","",IF($R8="Completed","Done",IF(OR($R8="Cancelled",$R8="Skipped"),"Closed",IF(OR($L8="",$M8=""),"",IF(TODAY()>DATE($M8,1,4)-WEEKDAY(DATE($M8,1,4),3)+($L8-1)*7+6,"Incomplete",IF(TODAY()>=DATE($M8,1,4)-WEEKDAY(DATE($M8,1,4),3)+($L8-1)*7,"Due this week","On Track")))))) | T8: Data still being validated with the plant.
C9: Purple | D9: Yellow | E9: 2 | F9: Control plan v1 | G9: E. Lindqvist | H9: Quality | I9: Lyon | J9: 7 | K9: 2026 | L9: 10 | M9: 2026 | N9: 7 | O9: 2026 | P9: 9 | Q9: 2026 | R9: Deferred | S9: =IF($F9="","",IF($R9="Completed","Done",IF(OR($R9="Cancelled",$R9="Skipped"),"Closed",IF(OR($L9="",$M9=""),"",IF(TODAY()>DATE($M9,1,4)-WEEKDAY(DATE($M9,1,4),3)+($L9-1)*7+6,"Incomplete",IF(TODAY()>=DATE($M9,1,4)-WEEKDAY(DATE($M9,1,4),3)+($L9-1)*7,"Due this week","On Track")))))) | T9: Kickoff meeting scheduled, agenda to follow.
C10: Purple | D10: Purple | E10: 3 | F10: Measurement system analysis | G10: C. Fernandes | H10: Quality | I10: Bangalore | J10: 14 | K10: 2026 | L10: 17 | M10: 2026 | R10: Not Achieved | S10: =IF($F10="","",IF($R10="Completed","Done",IF(OR($R10="Cancelled",$R10="Skipped"),"Closed",IF(OR($L10="",$M10=""),"",IF(TODAY()>DATE($M10,1,4)-WEEKDAY(DATE($M10,1,4),3)+($L10-1)*7+6,"Incomplete",IF(TODAY()>=DATE($M10,1,4)-WEEKDAY(DATE($M10,1,4),3)+($L10-1)*7,"Due this week","On Track")))))) | T10: Budget approved, purchase order in process.
C11: Purple | D11: Purple | E11: 4 | F11: Gauge procurement | G11: P. Nair | H11: Quality | I11: Gothenburg | J11: 20 | K11: 2026 | L11: 22 | M11: 2026 | R11: Pending | S11: =IF($F11="","",IF($R11="Completed","Done",IF(OR($R11="Cancelled",$R11="Skipped"),"Closed",IF(OR($L11="",$M11=""),"",IF(TODAY()>DATE($M11,1,4)-WEEKDAY(DATE($M11,1,4),3)+($L11-1)*7+6,"Incomplete",IF(TODAY()>=DATE($M11,1,4)-WEEKDAY(DATE($M11,1,4),3)+($L11-1)*7,"Due this week","On Track")))))) | T11: Design under review, feedback expected shortly.
C12: Purple | D12: Purple | E12: 5 | F12: CMM programme write | G12: C. Fernandes | H12: Quality | I12: Curitiba | J12: 28 | K12: 2026 | L12: 36 | M12: 2026 | R12: Blocker | S12: =IF($F12="","",IF($R12="Completed","Done",IF(OR($R12="Cancelled",$R12="Skipped"),"Closed",IF(OR($L12="",$M12=""),"",IF(TODAY()>DATE($M12,1,4)-WEEKDAY(DATE($M12,1,4),3)+($L12-1)*7+6,"Incomplete",IF(TODAY()>=DATE($M12,1,4)-WEEKDAY(DATE($M12,1,4),3)+($L12-1)*7,"Due this week","On Track")))))) | T12: Held pending customer confirmation.
C13: Purple | D13: Purple | E13: 6 | F13: First article inspection | G13: E. Lindqvist | H13: Quality | I13: Gothenburg | J13: 34 | K13: 2026 | L13: 41 | M13: 2026 | R13: Dependency | S13: =IF($F13="","",IF($R13="Completed","Done",IF(OR($R13="Cancelled",$R13="Skipped"),"Closed",IF(OR($L13="",$M13=""),"",IF(TODAY()>DATE($M13,1,4)-WEEKDAY(DATE($M13,1,4),3)+($L13-1)*7+6,"Incomplete",IF(TODAY()>=DATE($M13,1,4)-WEEKDAY(DATE($M13,1,4),3)+($L13-1)*7,"Due this week","On Track")))))) | T13: Trial run scheduled for next milestone. | U13: L4_Assembly-8
C14: Purple | D14: Purple | E14: 7 | F14: Capability study Cp/Cpk | G14: E. Lindqvist | H14: Quality | I14: Bangalore | J14: 41 | K14: 2026 | L14: 43 | M14: 2026 | R14: Completed | S14: =IF($F14="","",IF($R14="Completed","Done",IF(OR($R14="Cancelled",$R14="Skipped"),"Closed",IF(OR($L14="",$M14=""),"",IF(TODAY()>DATE($M14,1,4)-WEEKDAY(DATE($M14,1,4),3)+($L14-1)*7+6,"Incomplete",IF(TODAY()>=DATE($M14,1,4)-WEEKDAY(DATE($M14,1,4),3)+($L14-1)*7,"Due this week","On Track")))))) | T14: Documentation being finalised for handover.
C15: Purple | D15: Purple | E15: 8 | F15: Supplier PPAP review | G15: C. Fernandes | H15: Quality | I15: Gothenburg | J15: 47 | K15: 2026 | L15: 50 | M15: 2026 | R15: Blocker | S15: =IF($F15="","",IF($R15="Completed","Done",IF(OR($R15="Cancelled",$R15="Skipped"),"Closed",IF(OR($L15="",$M15=""),"",IF(TODAY()>DATE($M15,1,4)-WEEKDAY(DATE($M15,1,4),3)+($L15-1)*7+6,"Incomplete",IF(TODAY()>=DATE($M15,1,4)-WEEKDAY(DATE($M15,1,4),3)+($L15-1)*7,"Due this week","On Track")))))) | T15: Awaiting test results from the lab.
C16: Purple | D16: Purple | E16: 9 | F16: Layered process audit | G16: E. Lindqvist | H16: Quality | I16: Curitiba | J16: 1 | K16: 2027 | L16: 5 | M16: 2027 | R16: To be discussed | S16: =IF($F16="","",IF($R16="Completed","Done",IF(OR($R16="Cancelled",$R16="Skipped"),"Closed",IF(OR($L16="",$M16=""),"",IF(TODAY()>DATE($M16,1,4)-WEEKDAY(DATE($M16,1,4),3)+($L16-1)*7+6,"Incomplete",IF(TODAY()>=DATE($M16,1,4)-WEEKDAY(DATE($M16,1,4),3)+($L16-1)*7,"Due this week","On Track")))))) | T16: Logistics plan confirmed with carrier.
C17: Purple | D17: Purple | E17: 10 | F17: Non-conformance workflow | G17: C. Fernandes | H17: Quality | I17: Lyon | J17: 6 | K17: 2027 | L17: 12 | M17: 2027 | R17: Completed | S17: =IF($F17="","",IF($R17="Completed","Done",IF(OR($R17="Cancelled",$R17="Skipped"),"Closed",IF(OR($L17="",$M17=""),"",IF(TODAY()>DATE($M17,1,4)-WEEKDAY(DATE($M17,1,4),3)+($L17-1)*7+6,"Incomplete",IF(TODAY()>=DATE($M17,1,4)-WEEKDAY(DATE($M17,1,4),3)+($L17-1)*7,"Due this week","On Track")))))) | T17: Staffing plan under discussion with HR.
C18: Purple | D18: Purple | E18: 11 | F18: Rework loop definition | G18: C. Fernandes | H18: Quality | I18: Bangalore | J18: 13 | K18: 2027 | L18: 20 | M18: 2027 | R18: Planned | S18: =IF($F18="","",IF($R18="Completed","Done",IF(OR($R18="Cancelled",$R18="Skipped"),"Closed",IF(OR($L18="",$M18=""),"",IF(TODAY()>DATE($M18,1,4)-WEEKDAY(DATE($M18,1,4),3)+($L18-1)*7+6,"Incomplete",IF(TODAY()>=DATE($M18,1,4)-WEEKDAY(DATE($M18,1,4),3)+($L18-1)*7,"Due this week","On Track")))))) | T18: No update since last review.
C19: Purple | D19: Purple | E19: 12 | F19: Traceability check | G19: P. Nair | H19: Quality | I19: Bangalore | J19: 20 | K19: 2027 | L19: 25 | M19: 2027 | R19: Aligned | S19: =IF($F19="","",IF($R19="Completed","Done",IF(OR($R19="Cancelled",$R19="Skipped"),"Closed",IF(OR($L19="",$M19=""),"",IF(TODAY()>DATE($M19,1,4)-WEEKDAY(DATE($M19,1,4),3)+($L19-1)*7+6,"Incomplete",IF(TODAY()>=DATE($M19,1,4)-WEEKDAY(DATE($M19,1,4),3)+($L19-1)*7,"Due this week","On Track")))))) | T19: Awaiting sign-off from the regional lead before this can move forward.
C20: Purple | D20: Purple | E20: 13 | F20: Audit readiness review | G20: E. Lindqvist | H20: Quality | I20: Gothenburg | J20: 26 | K20: 2027 | L20: 34 | M20: 2027 | R20: Blocker | S20: =IF($F20="","",IF($R20="Completed","Done",IF(OR($R20="Cancelled",$R20="Skipped"),"Closed",IF(OR($L20="",$M20=""),"",IF(TODAY()>DATE($M20,1,4)-WEEKDAY(DATE($M20,1,4),3)+($L20-1)*7+6,"Incomplete",IF(TODAY()>=DATE($M20,1,4)-WEEKDAY(DATE($M20,1,4),3)+($L20-1)*7,"Due this week","On Track")))))) | T20: Vendor confirmed capacity; no blockers expected at this stage.
C21: Purple | D21: Purple | E21: 14 | F21: Pre-series quality gate | G21: E. Lindqvist | H21: Quality | I21: Gothenburg | J21: 32 | K21: 2027 | L21: 36 | M21: 2027 | R21: To be discussed | S21: =IF($F21="","",IF($R21="Completed","Done",IF(OR($R21="Cancelled",$R21="Skipped"),"Closed",IF(OR($L21="",$M21=""),"",IF(TODAY()>DATE($M21,1,4)-WEEKDAY(DATE($M21,1,4),3)+($L21-1)*7+6,"Incomplete",IF(TODAY()>=DATE($M21,1,4)-WEEKDAY(DATE($M21,1,4),3)+($L21-1)*7,"Due this week","On Track")))))) | T21: Scope agreed in principle, final numbers pending next review. | U21: L4_Assembly-14
C22: Purple | D22: Purple | E22: 15 | F22: Quality sign-off | G22: P. Nair | H22: Quality | I22: Remote | J22: 39 | K22: 2027 | L22: 46 | M22: 2027 | R22: Aligned | S22: =IF($F22="","",IF($R22="Completed","Done",IF(OR($R22="Cancelled",$R22="Skipped"),"Closed",IF(OR($L22="",$M22=""),"",IF(TODAY()>DATE($M22,1,4)-WEEKDAY(DATE($M22,1,4),3)+($L22-1)*7+6,"Incomplete",IF(TODAY()>=DATE($M22,1,4)-WEEKDAY(DATE($M22,1,4),3)+($L22-1)*7,"Due this week","On Track")))))) | T22: Tooling still being fitted, minor delay possible.
E23: 16 | S23: =IF($F23="","",IF($R23="Completed","Done",IF(OR($R23="Cancelled",$R23="Skipped"),"Closed",IF(OR($L23="",$M23=""),"",IF(TODAY()>DATE($M23,1,4)-WEEKDAY(DATE($M23,1,4),3)+($L23-1)*7+6,"Incomplete",IF(TODAY()>=DATE($M23,1,4)-WEEKDAY(DATE($M23,1,4),3)+($L23-1)*7,"Due this week","On Track"))))))
E24: 17 | S24: =IF($F24="","",IF($R24="Completed","Done",IF(OR($R24="Cancelled",$R24="Skipped"),"Closed",IF(OR($L24="",$M24=""),"",IF(TODAY()>DATE($M24,1,4)-WEEKDAY(DATE($M24,1,4),3)+($L24-1)*7+6,"Incomplete",IF(TODAY()>=DATE($M24,1,4)-WEEKDAY(DATE($M24,1,4),3)+($L24-1)*7,"Due this week","On Track"))))))
E25: 18 | S25: =IF($F25="","",IF($R25="Completed","Done",IF(OR($R25="Cancelled",$R25="Skipped"),"Closed",IF(OR($L25="",$M25=""),"",IF(TODAY()>DATE($M25,1,4)-WEEKDAY(DATE($M25,1,4),3)+($L25-1)*7+6,"Incomplete",IF(TODAY()>=DATE($M25,1,4)-WEEKDAY(DATE($M25,1,4),3)+($L25-1)*7,"Due this week","On Track"))))))
E26: 19 | S26: =IF($F26="","",IF($R26="Completed","Done",IF(OR($R26="Cancelled",$R26="Skipped"),"Closed",IF(OR($L26="",$M26=""),"",IF(TODAY()>DATE($M26,1,4)-WEEKDAY(DATE($M26,1,4),3)+($L26-1)*7+6,"Incomplete",IF(TODAY()>=DATE($M26,1,4)-WEEKDAY(DATE($M26,1,4),3)+($L26-1)*7,"Due this week","On Track"))))))
E27: 20 | S27: =IF($F27="","",IF($R27="Completed","Done",IF(OR($R27="Cancelled",$R27="Skipped"),"Closed",IF(OR($L27="",$M27=""),"",IF(TODAY()>DATE($M27,1,4)-WEEKDAY(DATE($M27,1,4),3)+($L27-1)*7+6,"Incomplete",IF(TODAY()>=DATE($M27,1,4)-WEEKDAY(DATE($M27,1,4),3)+($L27-1)*7,"Due this week","On Track"))))))
E28: 21 | S28: =IF($F28="","",IF($R28="Completed","Done",IF(OR($R28="Cancelled",$R28="Skipped"),"Closed",IF(OR($L28="",$M28=""),"",IF(TODAY()>DATE($M28,1,4)-WEEKDAY(DATE($M28,1,4),3)+($L28-1)*7+6,"Incomplete",IF(TODAY()>=DATE($M28,1,4)-WEEKDAY(DATE($M28,1,4),3)+($L28-1)*7,"Due this week","On Track"))))))
E29: 22 | S29: =IF($F29="","",IF($R29="Completed","Done",IF(OR($R29="Cancelled",$R29="Skipped"),"Closed",IF(OR($L29="",$M29=""),"",IF(TODAY()>DATE($M29,1,4)-WEEKDAY(DATE($M29,1,4),3)+($L29-1)*7+6,"Incomplete",IF(TODAY()>=DATE($M29,1,4)-WEEKDAY(DATE($M29,1,4),3)+($L29-1)*7,"Due this week","On Track"))))))
E30: 23 | S30: =IF($F30="","",IF($R30="Completed","Done",IF(OR($R30="Cancelled",$R30="Skipped"),"Closed",IF(OR($L30="",$M30=""),"",IF(TODAY()>DATE($M30,1,4)-WEEKDAY(DATE($M30,1,4),3)+($L30-1)*7+6,"Incomplete",IF(TODAY()>=DATE($M30,1,4)-WEEKDAY(DATE($M30,1,4),3)+($L30-1)*7,"Due this week","On Track"))))))
E31: 24 | S31: =IF($F31="","",IF($R31="Completed","Done",IF(OR($R31="Cancelled",$R31="Skipped"),"Closed",IF(OR($L31="",$M31=""),"",IF(TODAY()>DATE($M31,1,4)-WEEKDAY(DATE($M31,1,4),3)+($L31-1)*7+6,"Incomplete",IF(TODAY()>=DATE($M31,1,4)-WEEKDAY(DATE($M31,1,4),3)+($L31-1)*7,"Due this week","On Track"))))))
E32: 25 | S32: =IF($F32="","",IF($R32="Completed","Done",IF(OR($R32="Cancelled",$R32="Skipped"),"Closed",IF(OR($L32="",$M32=""),"",IF(TODAY()>DATE($M32,1,4)-WEEKDAY(DATE($M32,1,4),3)+($L32-1)*7+6,"Incomplete",IF(TODAY()>=DATE($M32,1,4)-WEEKDAY(DATE($M32,1,4),3)+($L32-1)*7,"Due this week","On Track"))))))
E33: 26 | S33: =IF($F33="","",IF($R33="Completed","Done",IF(OR($R33="Cancelled",$R33="Skipped"),"Closed",IF(OR($L33="",$M33=""),"",IF(TODAY()>DATE($M33,1,4)-WEEKDAY(DATE($M33,1,4),3)+($L33-1)*7+6,"Incomplete",IF(TODAY()>=DATE($M33,1,4)-WEEKDAY(DATE($M33,1,4),3)+($L33-1)*7,"Due this week","On Track"))))))
E34: 27 | S34: =IF($F34="","",IF($R34="Completed","Done",IF(OR($R34="Cancelled",$R34="Skipped"),"Closed",IF(OR($L34="",$M34=""),"",IF(TODAY()>DATE($M34,1,4)-WEEKDAY(DATE($M34,1,4),3)+($L34-1)*7+6,"Incomplete",IF(TODAY()>=DATE($M34,1,4)-WEEKDAY(DATE($M34,1,4),3)+($L34-1)*7,"Due this week","On Track"))))))
... E207: 200 | S207: =IF($F207="","",IF($R207="Completed","Done",IF(OR($R207="Cancelled",$R207="Skipped"),"Closed",IF(OR($L207="",$M207=""),"",IF(TODAY()>DATE($M207,1,4)-WEEKDAY(DATE($M207,1,4),3)+($L207-1)*7+6,"Incomplete",IF(TODAY()>=DATE($M207,1,4)-WEEKDAY(DATE($M207,1,4),3)+($L207-1)*7,"Due this week","On Track"))))))

Sheet L4 time plan
A1: =IF('L4 input'!F2<>"",'L4 input'!F2,"")
A2: ="Project Code: "&'L4 input'!E3&" | SoP Date: "&IF('L4 input'!G3<>"",'L4 input'!G3,"—")
A3: =IF('L4 input'!F4<>"",'L4 input'!F4,"")
A4: No. | B4: Activity / Event | C4: Responsible | D4: Department | E4: Location | F4: Status | G4: Tracker | H4: Comments / Notes | I4: ='L4 description'!$S$3 | J4: =IF(I6=IF(WEEKNUM(DATE(I4,12,28),21)=53,53,52),I4+1,I4) | K4: =IF(J6=IF(WEEKNUM(DATE(J4,12,28),21)=53,53,52),J4+1,J4) | L4: =IF(K6=IF(WEEKNUM(DATE(K4,12,28),21)=53,53,52),K4+1,K4) | M4: =IF(L6=IF(WEEKNUM(DATE(L4,12,28),21)=53,53,52),L4+1,L4) | N4: =IF(M6=IF(WEEKNUM(DATE(M4,12,28),21)=53,53,52),M4+1,M4) | O4: =IF(N6=IF(WEEKNUM(DATE(N4,12,28),21)=53,53,52),N4+1,N4) | P4: =IF(O6=IF(WEEKNUM(DATE(O4,12,28),21)=53,53,52),O4+1,O4) | Q4: =IF(P6=IF(WEEKNUM(DATE(P4,12,28),21)=53,53,52),P4+1,P4) | ... LR4: =IF(LQ6=IF(WEEKNUM(DATE(LQ4,12,28),21)=53,53,52),LQ4+1,LQ4)
I5: =TEXT(DATE(I4,1,1)+(I6-1)*7,"MMM") | J5: =TEXT(DATE(J4,1,1)+(J6-1)*7,"MMM") | K5: =TEXT(DATE(K4,1,1)+(K6-1)*7,"MMM") | L5: =TEXT(DATE(L4,1,1)+(L6-1)*7,"MMM") | M5: =TEXT(DATE(M4,1,1)+(M6-1)*7,"MMM") | N5: =TEXT(DATE(N4,1,1)+(N6-1)*7,"MMM") | O5: =TEXT(DATE(O4,1,1)+(O6-1)*7,"MMM") | P5: =TEXT(DATE(P4,1,1)+(P6-1)*7,"MMM") | ... LR5: =TEXT(DATE(LR4,1,1)+(LR6-1)*7,"MMM")
I6: ='L4 description'!$R$3 | J6: =IF(I6=IF(WEEKNUM(DATE(I4,12,28),21)=53,53,52),1,I6+1) | K6: =IF(J6=IF(WEEKNUM(DATE(J4,12,28),21)=53,53,52),1,J6+1) | L6: =IF(K6=IF(WEEKNUM(DATE(K4,12,28),21)=53,53,52),1,K6+1) | M6: =IF(L6=IF(WEEKNUM(DATE(L4,12,28),21)=53,53,52),1,L6+1) | N6: =IF(M6=IF(WEEKNUM(DATE(M4,12,28),21)=53,53,52),1,M6+1) | O6: =IF(N6=IF(WEEKNUM(DATE(N4,12,28),21)=53,53,52),1,N6+1) | P6: =IF(O6=IF(WEEKNUM(DATE(O4,12,28),21)=53,53,52),1,O6+1) | Q6: =IF(P6=IF(WEEKNUM(DATE(P4,12,28),21)=53,53,52),1,P6+1) | ... LR6: =IF(LQ6=IF(WEEKNUM(DATE(LQ4,12,28),21)=53,53,52),1,LQ6+1)
A7: =IF('L4 input'!F8<>"",'L4 input'!E8,"") | B7: =IF('L4 input'!F8<>"",'L4 input'!F8,"") | C7: =IF('L4 input'!F8<>"",'L4 input'!G8,"") | D7: =IF('L4 input'!F8<>"",'L4 input'!H8,"") | E7: =IF('L4 input'!F8<>"",'L4 input'!I8,"") | F7: =IF('L4 input'!F8<>"",'L4 input'!R8,"") | G7: =IF('L4 input'!F8<>"",'L4 input'!S8,"") | H7: =IF('L4 input'!F8<>"",'L4 input'!T8,"")
A8: =IF('L4 input'!F9<>"",'L4 input'!E9,"") | B8: =IF('L4 input'!F9<>"",'L4 input'!F9,"") | C8: =IF('L4 input'!F9<>"",'L4 input'!G9,"") | D8: =IF('L4 input'!F9<>"",'L4 input'!H9,"") | E8: =IF('L4 input'!F9<>"",'L4 input'!I9,"") | F8: =IF('L4 input'!F9<>"",'L4 input'!R9,"") | G8: =IF('L4 input'!F9<>"",'L4 input'!S9,"") | H8: =IF('L4 input'!F9<>"",'L4 input'!T9,"")
A9: =IF('L4 input'!F10<>"",'L4 input'!E10,"") | B9: =IF('L4 input'!F10<>"",'L4 input'!F10,"") | C9: =IF('L4 input'!F10<>"",'L4 input'!G10,"") | D9: =IF('L4 input'!F10<>"",'L4 input'!H10,"") | E9: =IF('L4 input'!F10<>"",'L4 input'!I10,"") | F9: =IF('L4 input'!F10<>"",'L4 input'!R10,"") | G9: =IF('L4 input'!F10<>"",'L4 input'!S10,"") | H9: =IF('L4 input'!F10<>"",'L4 input'!T10,"")
A10: =IF('L4 input'!F11<>"",'L4 input'!E11,"") | B10: =IF('L4 input'!F11<>"",'L4 input'!F11,"") | C10: =IF('L4 input'!F11<>"",'L4 input'!G11,"") | D10: =IF('L4 input'!F11<>"",'L4 input'!H11,"") | E10: =IF('L4 input'!F11<>"",'L4 input'!I11,"") | F10: =IF('L4 input'!F11<>"",'L4 input'!R11,"") | G10: =IF('L4 input'!F11<>"",'L4 input'!S11,"") | H10: =IF('L4 input'!F11<>"",'L4 input'!T11,"")
A11: =IF('L4 input'!F12<>"",'L4 input'!E12,"") | B11: =IF('L4 input'!F12<>"",'L4 input'!F12,"") | C11: =IF('L4 input'!F12<>"",'L4 input'!G12,"") | D11: =IF('L4 input'!F12<>"",'L4 input'!H12,"") | E11: =IF('L4 input'!F12<>"",'L4 input'!I12,"") | F11: =IF('L4 input'!F12<>"",'L4 input'!R12,"") | G11: =IF('L4 input'!F12<>"",'L4 input'!S12,"") | H11: =IF('L4 input'!F12<>"",'L4 input'!T12,"")
A12: =IF('L4 input'!F13<>"",'L4 input'!E13,"") | B12: =IF('L4 input'!F13<>"",'L4 input'!F13,"") | C12: =IF('L4 input'!F13<>"",'L4 input'!G13,"") | D12: =IF('L4 input'!F13<>"",'L4 input'!H13,"") | E12: =IF('L4 input'!F13<>"",'L4 input'!I13,"") | F12: =IF('L4 input'!F13<>"",'L4 input'!R13,"") | G12: =IF('L4 input'!F13<>"",'L4 input'!S13,"") | H12: =IF('L4 input'!F13<>"",'L4 input'!T13,"")
A13: =IF('L4 input'!F14<>"",'L4 input'!E14,"") | B13: =IF('L4 input'!F14<>"",'L4 input'!F14,"") | C13: =IF('L4 input'!F14<>"",'L4 input'!G14,"") | D13: =IF('L4 input'!F14<>"",'L4 input'!H14,"") | E13: =IF('L4 input'!F14<>"",'L4 input'!I14,"") | F13: =IF('L4 input'!F14<>"",'L4 input'!R14,"") | G13: =IF('L4 input'!F14<>"",'L4 input'!S14,"") | H13: =IF('L4 input'!F14<>"",'L4 input'!T14,"")
A14: =IF('L4 input'!F15<>"",'L4 input'!E15,"") | B14: =IF('L4 input'!F15<>"",'L4 input'!F15,"") | C14: =IF('L4 input'!F15<>"",'L4 input'!G15,"") | D14: =IF('L4 input'!F15<>"",'L4 input'!H15,"") | E14: =IF('L4 input'!F15<>"",'L4 input'!I15,"") | F14: =IF('L4 input'!F15<>"",'L4 input'!R15,"") | G14: =IF('L4 input'!F15<>"",'L4 input'!S15,"") | H14: =IF('L4 input'!F15<>"",'L4 input'!T15,"")
A15: =IF('L4 input'!F16<>"",'L4 input'!E16,"") | B15: =IF('L4 input'!F16<>"",'L4 input'!F16,"") | C15: =IF('L4 input'!F16<>"",'L4 input'!G16,"") | D15: =IF('L4 input'!F16<>"",'L4 input'!H16,"") | E15: =IF('L4 input'!F16<>"",'L4 input'!I16,"") | F15: =IF('L4 input'!F16<>"",'L4 input'!R16,"") | G15: =IF('L4 input'!F16<>"",'L4 input'!S16,"") | H15: =IF('L4 input'!F16<>"",'L4 input'!T16,"")
A16: =IF('L4 input'!F17<>"",'L4 input'!E17,"") | B16: =IF('L4 input'!F17<>"",'L4 input'!F17,"") | C16: =IF('L4 input'!F17<>"",'L4 input'!G17,"") | D16: =IF('L4 input'!F17<>"",'L4 input'!H17,"") | E16: =IF('L4 input'!F17<>"",'L4 input'!I17,"") | F16: =IF('L4 input'!F17<>"",'L4 input'!R17,"") | G16: =IF('L4 input'!F17<>"",'L4 input'!S17,"") | H16: =IF('L4 input'!F17<>"",'L4 input'!T17,"")
A17: =IF('L4 input'!F18<>"",'L4 input'!E18,"") | B17: =IF('L4 input'!F18<>"",'L4 input'!F18,"") | C17: =IF('L4 input'!F18<>"",'L4 input'!G18,"") | D17: =IF('L4 input'!F18<>"",'L4 input'!H18,"") | E17: =IF('L4 input'!F18<>"",'L4 input'!I18,"") | F17: =IF('L4 input'!F18<>"",'L4 input'!R18,"") | G17: =IF('L4 input'!F18<>"",'L4 input'!S18,"") | H17: =IF('L4 input'!F18<>"",'L4 input'!T18,"")
A18: =IF('L4 input'!F19<>"",'L4 input'!E19,"") | B18: =IF('L4 input'!F19<>"",'L4 input'!F19,"") | C18: =IF('L4 input'!F19<>"",'L4 input'!G19,"") | D18: =IF('L4 input'!F19<>"",'L4 input'!H19,"") | E18: =IF('L4 input'!F19<>"",'L4 input'!I19,"") | F18: =IF('L4 input'!F19<>"",'L4 input'!R19,"") | G18: =IF('L4 input'!F19<>"",'L4 input'!S19,"") | H18: =IF('L4 input'!F19<>"",'L4 input'!T19,"")
... A206: =IF('L4 input'!F207<>"",'L4 input'!E207,"") | B206: =IF('L4 input'!F207<>"",'L4 input'!F207,"") | C206: =IF('L4 input'!F207<>"",'L4 input'!G207,"") | D206: =IF('L4 input'!F207<>"",'L4 input'!H207,"") | E206: =IF('L4 input'!F207<>"",'L4 input'!I207,"") | F206: =IF('L4 input'!F207<>"",'L4 input'!R207,"") | G206: =IF('L4 input'!F207<>"",'L4 input'!S207,"") | H206: =IF('L4 input'!F207<>"",'L4 input'!T207,"")
